{
  "holdout150": {
    "base": {
      "n_rows": 150,
      "n_scored": 150,
      "parse_fail_label": 0,
      "parse_fail_pred": 0,
      "parse_rate": 1.0,
      "label_counts": {
        "0": 30,
        "1": 30,
        "2": 30,
        "3": 30,
        "4": 30
      },
      "pred_counts": {
        "0": 78,
        "1": 3,
        "2": 5,
        "3": 11,
        "4": 53
      },
      "accuracy": 0.3933333333333333,
      "macro_f1": 0.28327911724326654,
      "qwk": 0.594272076372315,
      "per_grade_f1": {
        "0": 0.5370370370370371,
        "1": 0.0,
        "2": 0.05714285714285714,
        "3": 0.24390243902439024,
        "4": 0.5783132530120482
      },
      "per_grade_recall": {
        "0": 0.9666666666666667,
        "1": 0.0,
        "2": 0.03333333333333333,
        "3": 0.16666666666666666,
        "4": 0.8
      },
      "per_grade_precision": {
        "0": 0.3717948717948718,
        "1": 0.0,
        "2": 0.2,
        "3": 0.45454545454545453,
        "4": 0.4528301886792453
      },
      "confusion": [
        [
          29,
          0,
          0,
          0,
          1
        ],
        [
          23,
          0,
          1,
          2,
          4
        ],
        [
          14,
          3,
          1,
          3,
          9
        ],
        [
          8,
          0,
          2,
          5,
          15
        ],
        [
          4,
          0,
          1,
          1,
          24
        ]
      ]
    },
    "l4_v3": {
      "path": "saves/qwen3-vl-8b-fundus/lora/l4_unified_lesion_cot_v3_predict_holdout150/generated_predictions.jsonl",
      "n_rows": 150,
      "parsed": 150,
      "parse_rate": 1.0,
      "label_counts": [
        30,
        30,
        30,
        30,
        30
      ],
      "pred_counts": [
        34,
        14,
        60,
        30,
        12
      ],
      "confusion": [
        [
          24,
          2,
          4,
          0,
          0
        ],
        [
          8,
          10,
          11,
          1,
          0
        ],
        [
          1,
          2,
          19,
          7,
          1
        ],
        [
          1,
          0,
          14,
          13,
          2
        ],
        [
          0,
          0,
          12,
          9,
          9
        ]
      ],
      "accuracy": 0.5,
      "macro_recall": 0.5,
      "macro_f1": 0.4977344877344877,
      "recall_by_grade": [
        0.8,
        0.3333333333333333,
        0.6333333333333333,
        0.43333333333333335,
        0.3
      ],
      "precision_by_grade": [
        0.7058823529411765,
        0.7142857142857143,
        0.31666666666666665,
        0.43333333333333335,
        0.75
      ],
      "qwk": 0.7348484848484849,
      "parse_fail": 0
    },
    "delta_l4_v3_minus_base": {
      "accuracy": 0.10666666666666669,
      "macro_f1": 0.21445537049122115,
      "qwk": 0.1405764084761698
    }
  },
  "messidor2": {
    "base": {
      "n_rows": 150,
      "n_scored": 150,
      "parse_fail_label": 0,
      "parse_fail_pred": 0,
      "parse_rate": 1.0,
      "label_counts": {
        "0": 30,
        "1": 30,
        "2": 30,
        "3": 30,
        "4": 30
      },
      "pred_counts": {
        "0": 93,
        "1": 1,
        "2": 1,
        "3": 17,
        "4": 38
      },
      "accuracy": 0.38,
      "macro_f1": 0.28266735858847947,
      "qwk": 0.5819477434679334,
      "per_grade_f1": {
        "0": 0.4878048780487805,
        "1": 0.0,
        "2": 0.0,
        "3": 0.425531914893617,
        "4": 0.5
      },
      "per_grade_recall": {
        "0": 1.0,
        "1": 0.0,
        "2": 0.0,
        "3": 0.3333333333333333,
        "4": 0.5666666666666667
      },
      "per_grade_precision": {
        "0": 0.3225806451612903,
        "1": 0.0,
        "2": 0.0,
        "3": 0.5882352941176471,
        "4": 0.4473684210526316
      },
      "confusion": [
        [
          30,
          0,
          0,
          0,
          0
        ],
        [
          27,
          0,
          0,
          1,
          2
        ],
        [
          23,
          1,
          0,
          1,
          5
        ],
        [
          6,
          0,
          0,
          10,
          14
        ],
        [
          7,
          0,
          1,
          5,
          17
        ]
      ]
    },
    "l4_v3": {
      "path": "saves/qwen3-vl-8b-fundus/lora/l4_unified_lesion_cot_v3_predict_messidor2/generated_predictions.jsonl",
      "n_rows": 150,
      "parsed": 150,
      "parse_rate": 1.0,
      "label_counts": [
        30,
        30,
        30,
        30,
        30
      ],
      "pred_counts": [
        29,
        38,
        60,
        19,
        4
      ],
      "confusion": [
        [
          20,
          9,
          1,
          0,
          0
        ],
        [
          9,
          17,
          4,
          0,
          0
        ],
        [
          0,
          11,
          19,
          0,
          0
        ],
        [
          0,
          1,
          15,
          12,
          2
        ],
        [
          0,
          0,
          21,
          7,
          2
        ]
      ],
      "accuracy": 0.4666666666666667,
      "macro_recall": 0.4666666666666667,
      "macro_f1": 0.44152626022160274,
      "recall_by_grade": [
        0.6666666666666666,
        0.5666666666666667,
        0.6333333333333333,
        0.4,
        0.06666666666666667
      ],
      "precision_by_grade": [
        0.6896551724137931,
        0.4473684210526316,
        0.31666666666666665,
        0.631578947368421,
        0.5
      ],
      "qwk": 0.6952965235173825,
      "parse_fail": 0
    },
    "delta_l4_v3_minus_base": {
      "accuracy": 0.08666666666666667,
      "macro_f1": 0.15885890163312327,
      "qwk": 0.11334878004944904
    }
  },
  "funbench_l4c": {
    "base": {
      "n_rows": 300,
      "n_scored": 300,
      "parse_fail_label": 0,
      "parse_fail_pred": 0,
      "parse_rate": 1.0,
      "label_counts": {
        "0": 60,
        "1": 60,
        "2": 60,
        "3": 60,
        "4": 60
      },
      "pred_counts": {
        "0": 178,
        "1": 3,
        "2": 6,
        "3": 28,
        "4": 85
      },
      "accuracy": 0.38666666666666666,
      "macro_f1": 0.28731180246393223,
      "qwk": 0.6024955436720143,
      "per_grade_f1": {
        "0": 0.48739495798319327,
        "1": 0.0,
        "2": 0.06060606060606061,
        "3": 0.29545454545454547,
        "4": 0.593103448275862
      },
      "per_grade_recall": {
        "0": 0.9666666666666667,
        "1": 0.0,
        "2": 0.03333333333333333,
        "3": 0.21666666666666667,
        "4": 0.7166666666666667
      },
      "per_grade_precision": {
        "0": 0.3258426966292135,
        "1": 0.0,
        "2": 0.3333333333333333,
        "3": 0.4642857142857143,
        "4": 0.5058823529411764
      },
      "confusion": [
        [
          58,
          0,
          0,
          1,
          1
        ],
        [
          54,
          0,
          0,
          3,
          3
        ],
        [
          42,
          1,
          2,
          7,
          8
        ],
        [
          14,
          1,
          2,
          13,
          30
        ],
        [
          10,
          1,
          2,
          4,
          43
        ]
      ]
    },
    "l4_v3": {
      "path": "saves/qwen3-vl-8b-fundus/lora/l4_unified_lesion_cot_v3_predict_funbench_l4c/generated_predictions.jsonl",
      "n_rows": 300,
      "parsed": 300,
      "parse_rate": 1.0,
      "label_counts": [
        60,
        60,
        60,
        60,
        60
      ],
      "pred_counts": [
        63,
        65,
        114,
        28,
        30
      ],