{
  "n_rows": 300,
  "n_scored": 300,
  "parse_fail": 0,
  "parse_rate": 1.0,
  "letter_accuracy": 0.28,
  "pred_letters": {
    "A": 65,
    "B": 83,
    "C": 58,
    "D": 34,
    "E": 60
  },
  "by_dataset": {
    "DDR": {
      "correct": 79,
      "total": 284,
      "accuracy": 0.27816901408450706
    },
    "IDRiD": {
      "correct": 5,
      "total": 16,
      "accuracy": 0.3125
    }
  },
  "grade_accuracy": 0.28,
  "macro_f1": 0.18205319391044722,
  "qwk": 0.2605985037406484,
  "harmonic_f1_nonzero": 0.07460698108180122,
  "per_grade_f1": {
    "0": 0.40268456375838924,
    "1": 0.0,
    "2": 0.0547945205479452,
    "3": 0.42,
    "4": 0.03278688524590164
  },
  "per_grade_recall": {
    "0": 1.0,
    "1": 0.0,
    "2": 0.03333333333333333,
    "3": 0.35,
    "4": 0.016666666666666666
  },
  "label_counts": {
    "0": 60,
    "1": 60,
    "2": 60,
    "3": 60,
    "4": 60
  },
  "pred_counts": {
    "0": 238,
    "1": 8,
    "2": 13,
    "3": 40,
    "4": 1
  },
  "confusion": [
    [
      60,
      0,
      0,
      0,
      0
    ],
    [
      60,
      0,
      0,
      0,
      0
    ],
    [
      55,
      1,
      2,
      2,
      0
    ],
    [
      26,
      4,
      9,
      21,
      0
    ],
    [
      37,
      3,
      2,
      17,
      1
    ]
  ]
}