{
  "path": "saves/qwen3-vl-8b-fundus/lora/l4_unified_lesion_cot_v3_predict_holdout150/generated_predictions.jsonl",
  "n_rows": 150,
  "parsed": 150,
  "parse_rate": 1.0,
  "label_counts": [
    30,
    30,
    30,
    30,
    30
  ],
  "pred_counts": [
    34,
    14,
    60,
    30,
    12
  ],
  "confusion": [
    [
      24,
      2,
      4,
      0,
      0
    ],
    [
      8,
      10,
      11,
      1,
      0
    ],
    [
      1,
      2,
      19,
      7,
      1
    ],
    [
      1,
      0,
      14,
      13,
      2
    ],
    [
      0,
      0,
      12,
      9,
      9
    ]
  ],
  "accuracy": 0.5,
  "macro_recall": 0.5,
  "macro_f1": 0.4977344877344877,
  "recall_by_grade": [
    0.8,
    0.3333333333333333,
    0.6333333333333333,
    0.43333333333333335,
    0.3
  ],
  "precision_by_grade": [
    0.7058823529411765,
    0.7142857142857143,
    0.31666666666666665,
    0.43333333333333335,
    0.75
  ],
  "qwk": 0.7348484848484849,
  "parse_fail": 0
}