{
  "path": "saves/qwen3-vl-8b-fundus/lora/l4_unified_lesion_cot_v3_predict_messidor2/generated_predictions.jsonl",
  "n_rows": 150,
  "parsed": 150,
  "parse_rate": 1.0,
  "label_counts": [
    30,
    30,
    30,
    30,
    30
  ],
  "pred_counts": [
    29,
    38,
    60,
    19,
    4
  ],
  "confusion": [
    [
      20,
      9,
      1,
      0,
      0
    ],
    [
      9,
      17,
      4,
      0,
      0
    ],
    [
      0,
      11,
      19,
      0,
      0
    ],
    [
      0,
      1,
      15,
      12,
      2
    ],
    [
      0,
      0,
      21,
      7,
      2
    ]
  ],
  "accuracy": 0.4666666666666667,
  "macro_recall": 0.4666666666666667,
  "macro_f1": 0.44152626022160274,
  "recall_by_grade": [
    0.6666666666666666,
    0.5666666666666667,
    0.6333333333333333,
    0.4,
    0.06666666666666667
  ],
  "precision_by_grade": [
    0.6896551724137931,
    0.4473684210526316,
    0.31666666666666665,
    0.631578947368421,
    0.5
  ],
  "qwk": 0.6952965235173825,
  "parse_fail": 0
}