{
  "path": "saves/qwen3-vl-8b-fundus/lora/l4_unified_lesion_cot_v3_predict_funbench_l4c/generated_predictions.jsonl",
  "n_rows": 300,
  "parsed": 300,
  "parse_rate": 1.0,
  "label_counts": [
    60,
    60,
    60,
    60,
    60
  ],
  "pred_counts": [
    63,
    65,
    114,
    28,
    30
  ],
  "confusion": [
    [
      32,
      24,
      4,
      0,
      0
    ],
    [
      19,
      22,
      19,
      0,
      0
    ],
    [
      9,
      17,
      32,
      2,
      0
    ],
    [
      0,
      0,
      29,
      20,
      11
    ],
    [
      3,
      2,
      30,
      6,
      19
    ]
  ],
  "accuracy": 0.4166666666666667,
  "macro_recall": 0.41666666666666663,
  "macro_f1": 0.42338179439474644,
  "recall_by_grade": [
    0.5333333333333333,
    0.36666666666666664,
    0.5333333333333333,
    0.3333333333333333,
    0.31666666666666665
  ],
  "precision_by_grade": [
    0.5079365079365079,
    0.3384615384615385,
    0.2807017543859649,
    0.7142857142857143,
    0.6333333333333333
  ],
  "qwk": 0.6572769953051643,
  "parse_fail": 0
}