{
  "n": 900,
  "json_parse_success": 0.9988888888888889,
  "target_consistency": 0.9922222222222222,
  "no_grade_output_rate": 1.0,
  "main4_macro": {
    "f1": 0.6595104683723749,
    "recall": 0.816367872069043,
    "specificity": 0.3845984259099275,
    "balanced_accuracy": 0.6004831489894853
  },
  "by_lesion": {
    "MA": {
      "n": 225,
      "positive": 124,
      "negative": 101,
      "tp": 72,
      "fp": 83,
      "fn": 52,
      "tn": 18,
      "precision": 0.4645161290322581,
      "recall": 0.5806451612903226,
      "specificity": 0.1782178217821782,
      "f1": 0.5161290322580645,
      "balanced_accuracy": 0.37943149153625044
    },
    "HE": {
      "n": 225,
      "positive": 194,
      "negative": 31,
      "tp": 166,
      "fp": 10,
      "fn": 28,
      "tn": 21,
      "precision": 0.9431818181818182,
      "recall": 0.8556701030927835,
      "specificity": 0.6774193548387096,
      "f1": 0.8972972972972973,
      "balanced_accuracy": 0.7665447289657465
    },
    "EX": {
      "n": 225,
      "positive": 171,
      "negative": 54,
      "tp": 154,
      "fp": 31,
      "fn": 17,
      "tn": 23,
      "precision": 0.8324324324324325,
      "recall": 0.9005847953216374,
      "specificity": 0.42592592592592593,
      "f1": 0.8651685393258427,
      "balanced_accuracy": 0.6632553606237817
    },
    "SE": {
      "n": 225,
      "positive": 42,
      "negative": 183,
      "tp": 39,
      "fp": 136,
      "fn": 3,
      "tn": 47,
      "precision": 0.22285714285714286,
      "recall": 0.9285714285714286,
      "specificity": 0.2568306010928962,
      "f1": 0.35944700460829493,
      "balanced_accuracy": 0.5927010148321624
    }
  }
}
