{
  "n": 596,
  "json_parse_success": 1.0,
  "target_consistency": 0.9848993288590604,
  "no_grade_output_rate": 1.0,
  "main4_macro": {
    "f1": 0.6712746791289919,
    "recall": 0.650084426275515,
    "specificity": 0.5549705114113156,
    "balanced_accuracy": 0.6025274688434152
  },
  "by_lesion": {
    "MA": {
      "n": 149,
      "positive": 132,
      "negative": 17,
      "tp": 51,
      "fp": 10,
      "fn": 81,
      "tn": 7,
      "precision": 0.8360655737704918,
      "recall": 0.38636363636363635,
      "specificity": 0.4117647058823529,
      "f1": 0.5284974093264249,
      "balanced_accuracy": 0.39906417112299464
    },
    "HE": {
      "n": 149,
      "positive": 113,
      "negative": 36,
      "tp": 77,
      "fp": 8,
      "fn": 36,
      "tn": 28,
      "precision": 0.9058823529411765,
      "recall": 0.6814159292035398,
      "specificity": 0.7777777777777778,
      "f1": 0.7777777777777778,
      "balanced_accuracy": 0.7295968534906587
    },
    "EX": {
      "n": 149,
      "positive": 70,
      "negative": 79,
      "tp": 56,
      "fp": 44,
      "fn": 14,
      "tn": 35,
      "precision": 0.56,
      "recall": 0.8,
      "specificity": 0.4430379746835443,
      "f1": 0.6588235294117647,
      "balanced_accuracy": 0.6215189873417721
    },
    "SE": {
      "n": 149,
      "positive": 86,
      "negative": 63,
      "tp": 63,
      "fp": 26,
      "fn": 23,
      "tn": 37,
      "precision": 0.7078651685393258,
      "recall": 0.7325581395348837,
      "specificity": 0.5873015873015873,
      "f1": 0.72,
      "balanced_accuracy": 0.6599298634182356
    }
  }
}
